<SYM>,vss,kss
XAR,0.9208422897978494,0.0358134567901234
DDWM,0.8597741943333645,0.0403
ONEY,0.9049178664902052,0.0417366666666666
FDL,0.7912891792814393,0.0425358227848101
JVAL,0.8922361544890449,0.0435215189873417
HON ,0.7684846830735778,0.0440104878048781
VFQY,0.8956389451175376,0.04446
VYMI,0.8076661648271071,0.044463950617284
FNDX,0.8219755926568136,0.0450697530864197
CHTR ,0.707958290096841,0.0451275609756097
FXU,0.8378844978496731,0.0458064197530864
RSPN,0.9130508816856217,0.0459618181818182
CHIQ,0.8828613774373139,0.0465289473684211
AXON ,0.857595281477626,0.0468656097560976
GRID,0.837340592340082,0.0469411111111111
CWB,0.94682091804899,0.0469837037037037
DEM,0.7913062838666737,0.0472502469135802
PPA,0.8901129980230693,0.0473748148148147
RSPG,0.9275247651979156,0.0479764102564102
WTV,0.769215128478096,0.0479899999999999
SPHB,0.857595281477626,0.0481088888888888
FANG ,0.7671923850155427,0.0484051219512194
IUSV,0.7623815821454508,0.0485648148148147
XMHQ,0.8034526968418619,0.0490558024691357
EWC,0.7827486480615984,0.0492298765432098
MFEM,0.9524162699348168,0.0494563157894737
SMLF,0.8097982688789105,0.0495980246913581
PLTR ,0.9771233785124364,0.049669268292683
VFMO,0.8181414932017052,0.0497415789473684
PKW,0.9432259651424052,0.0497496202531645
VEA,0.857595281477626,0.0498155555555556
VB,0.7478259589855952,0.0498464197530864
DLN,0.7634617645006189,0.0499683950617283
EAT,0.8816267706781565,0.0500158536585366
GOOG ,0.8366918265031034,0.0501409756097561
IDMO,0.9941297593652858,0.0504953424657533
RWL,0.9160223876461704,0.0507717283950616
GRPM,0.7740645020349434,0.05093
FLQM,0.7898918900735407,0.0513241975308642
DINT,0.8545853072319818,0.0515029629629628
DGS,0.8517537972190888,0.051688024691358
EMGF,0.9560852064832828,0.0517224691358025
NANR,0.9517157241772204,0.0517978947368421
IPAC,0.8841615219953188,0.0520048148148148
CTSH ,0.7842832204897875,0.0521482926829267
MGV,0.9619045123517126,0.0522118987341772
DON,0.7629738690173578,0.0525797530864198
DIVB,0.8407825674487459,0.0528264197530864
IVE,0.7641170739293333,0.0528691358024691
ENFR,0.7365497222916533,0.0529615584415583
LIN ,0.9150631508073634,0.0530021951219512
VYM,0.6971998218797053,0.0530564197530863
PRF,0.7513413765368396,0.053264074074074
GOOGL ,0.857595281477626,0.0534312195121951
FYC,0.7792461710972022,0.053511081081081
PDD ,0.8109787449378745,0.0535424390243902
MCHP ,0.912482821906103,0.0536014634146342
SCHF,0.8633556006070269,0.0536898765432097
HEZU,0.8205215980285431,0.053708717948718
INTF,0.8935706654250944,0.0537972839506172
SPYV,0.7659573291504943,0.0541648148148147
ISCF,0.8912677635853599,0.0542599999999999
PHO,0.7870865086157738,0.055257160493827
FTXL,0.8942294122551081,0.0556015189873417
PXF,0.9924877610557123,0.0560814814814815
QTUM,0.949068920606437,0.0562595061728394
IEFA,0.9284889411172976,0.0563465432098765
USO,0.770202359261187,0.0565060975609755
FIDU,0.9834091847452404,0.0566391358024691
GEHC ,0.9538870133665526,0.0566692682926829
DASH ,0.936490490188379,0.0566865853658536
BBAX,0.7825348991099582,0.0569477777777778
HAWX,0.9921437627020516,0.0572932394366197
DDOG ,0.9466115804346568,0.0573226829268292
HNDL,0.9892854183225922,0.0573754320987654
AEP ,0.7922480424819025,0.0574060975609756
SHOP ,0.7360912782816857,0.0575356097560976
VDE,0.911607077783561,0.0577474074074074
SPEM,0.965618874089496,0.05783012345679
DIA,0.8155849084153737,0.058057160493827
ICVT,0.9951628163188316,0.058481111111111
SMH,0.760448709320635,0.0586685185185185
STIP,0.7496448428765345,0.0587775609756097
AVGO ,0.6819418791722619,0.0588446341463414
EZM,0.771382393581466,0.0589985714285714
FEZ,0.857595281477626,0.0591192592592592
XSMO,0.79704548779296,0.059563670886076
FNDE,0.8536698929678459,0.0595654320987654
IVOO,0.790899988184004,0.059733086419753
VPU,0.6535481780695945,0.060052098765432
DIVI,0.9401179630593508,0.0604519753086419
SPDW,0.86060819267408,0.060460987654321
EWT,0.770202359261187,0.0606887654320987
TSLA ,0.7806511649250217,0.0607658536585365
IJJ,0.7456657310935662,0.0609781481481481
DWAS,0.8612384750822545,0.06099
FSMD,0.7663374576405103,0.0610592405063291
MAR ,0.9449882036940648,0.06111
PKB,0.8114880682171931,0.0611131168831169
FUTY,0.6687396791982698,0.0611733333333333
RDIV,0.9391420306499868,0.0613309756097561
DSTL,0.857595281477626,0.0613369135802469
FAST ,0.7928733088524283,0.0613731707317072
PFM,0.770202359261187,0.0614063157894736
EELV,0.9867977385277992,0.0616849382716049
HYHG,0.9941297593652858,0.062013606557377
IQLT,0.9164773184182752,0.0621728395061728
QEFA,0.9927205894203264,0.06226
AIA,0.914971924707431,0.0623566666666666
EWD,0.8394772168682832,0.062557160493827
VOOV,0.7226488306983845,0.062606172839506
IEO,0.9795870605680144,0.0626766666666667
APP ,0.8632449240568578,0.0626863414634146
EQWL,0.8924289065479212,0.0628432098765432
IUS,0.8432861014674004,0.0628699999999999
GOEX,0.911607077783561,0.0630855555555555
ILCV,0.8950892571077059,0.0635179746835442
FXO,0.6838453396018845,0.0637034567901233
OUSM,0.7675408469732754,0.0637754320987654
SPMD,0.7334096435667474,0.063911975308642
DGRO,0.770202359261187,0.0643371604938271
SDCI,0.9891385301057436,0.0644461702127659
EXC ,0.7029253822148028,0.06453
VFH,0.7562429735206294,0.0646307407407407
XSHQ,0.7566938088278563,0.0647984210526315
MSTR ,0.7446167129158572,0.0648497560975608
DVY,0.6653180614888733,0.0649666666666667
XEL ,0.7151368137458537,0.0650990243902439
IJH,0.7451939662484917,0.065131975308642
PID,0.8745564658799673,0.0651785185185185
GILD ,0.7698690145039064,0.0653319512195122
FENY,0.8959362522484198,0.0655459259259259
FTXN,0.956809706009388,0.065812564102564
USRT,0.770202359261187,0.0659476543209875
LULU ,0.799836010240926,0.0659482926829267
EWL,0.8784973913256988,0.0660303703703703
SNPS ,0.9047592734621608,0.0660468292682927
JSMD,0.888429224012412,0.0661273684210526
PY,0.822339667210321,0.0662485714285714
CEG ,0.6767264114115024,0.0664119512195121
AZN ,0.9293161466327472,0.0664948780487804
MDYV,0.7339420333366494,0.0665008641975308
CMCSA ,0.6796154013012792,0.0666021951219512
VAW,0.857595281477626,0.0666665853658536
IHDG,0.9434170942254532,0.0667739024390243
EA ,0.7922266183859286,0.0668809756097561
XHB,0.9092417990376768,0.0669012345679012
SCHD,0.7061448072440117,0.0669167901234567
XMMO,0.7194500106757046,0.066924074074074
HYZD,0.946624203823022,0.0671707792207793
BKR ,0.7556314241751916,0.0673363414634146
FIW,0.7332383452393074,0.0674398765432098
PRN,0.9059219977842188,0.0675387096774193
XLE,0.9150036676396504,0.0675530864197531
IFRA,0.7119211329203792,0.0677003703703703
PTF,0.9033532071646476,0.0677086075949366
META ,0.773274843004187,0.0678114634146341
PSC,0.8055138495654793,0.0681941791044776
ROUS,0.8517347424295603,0.0682299999999999
VTV,0.9031228031104184,0.0682866666666667
MMIT,0.9911197851196416,0.0687785365853658
TTWO ,0.737408134832812,0.0689039024390243
ACWI,0.7933039014733726,0.0690551851851851
ABNB ,0.771293770068163,0.0690921951219512
ADI ,0.8210738884775031,0.0691317073170731
FNDA,0.7687583348277778,0.0693222222222222
HSCZ,0.9773024393141984,0.0697697183098591
CEFS,0.7778128065572474,0.0698223456790124
DIVO,0.8676347122831612,0.0698739506172839
PXH,0.9244990087083896,0.0699567901234567
COWZ,0.684051923218608,0.0701797530864197
PAVE,0.6398068463815998,0.0703281481481481
XLU,0.7143899621690494,0.0703453086419753
RDVY,0.7912014005968144,0.0704123456790123
CCEP ,0.8834823708070477,0.0705009756097561
VFMF,0.718189857917757,0.0705566666666667
TDTF,0.7556212909826143,0.0706658536585365
DTD,0.8790611364356733,0.07106
CTAS ,0.8655215873766794,0.0710612195121951
FNCL,0.7299737212363394,0.0710785185185184
IYG,0.7698690145039064,0.0711880246913579
IGRO,0.9711279889705589,0.0713531707317073
ASML ,0.7400055130258241,0.0717114634146341
MLPX,0.7515694482972093,0.0717246913580246
FMAT,0.9656031227859644,0.0717704938271605
IMTM,0.8297724220391286,0.0718041975308642
RSPM,0.9271836446986712,0.0718188888888889
CGW,0.7469877784644219,0.072180987654321
DBEF,0.8192600986805177,0.0722553658536585
VTIP,0.770202359261187,0.0723419512195122
AOA,0.7907574958782823,0.0723506172839505
VT,0.7694005051819541,0.0724465432098765
XLRE,0.7005760780041713,0.0724792592592592
KLAC ,0.770202359261187,0.0726665853658536
SPIB,0.8704995275379828,0.073130243902439
QINT,0.9401804903384088,0.0732009523809522
MNST ,0.9205970951818812,0.0732351219512195
SPGP,0.8085487023863651,0.0734155555555555
DGRW,0.8069655563917133,0.0734704938271605
EWW,0.7720769670965669,0.0735570731707316
ODFL ,0.8321113077384369,0.073620731707317
NUDM,0.976954023775754,0.0737899999999999
IGM,0.7918235284546965,0.0740551851851851
HEWJ,0.9136828337574716,0.0740763157894737
HEFA,0.8777176683446579,0.0744473170731707
RING,0.9165484694155246,0.0745121951219512
LGOV,0.7298619146698493,0.0746124390243901
CDNS ,0.8336029133511429,0.074650975609756
EWX,0.9911197851196416,0.0746699999999999
EMXC,0.8661889117279172,0.0747207407407408
AUSF,0.7081917471084008,0.0747458064516128
BLCN,0.9541050861902672,0.0749928571428571
FNY,0.8338676098690035,0.0751466666666665
FMB,0.8433204318192307,0.0753024390243902
QUAL,0.7623097342851413,0.0755193827160493
FNDF,0.8884717855704839,0.0757369135802469
TOLZ,0.8049753392816846,0.0762206557377049
VOX,0.8765228269287485,0.0764322222222221
GDX,0.9783693296045688,0.0765485365853658
NVDA ,0.7350918465545189,0.0766417073170731
MFDX,0.9662638648793022,0.0768199999999999
REZ,0.911607077783561,0.0770246913580246
TEAM ,0.8871854837889066,0.0770258536585365
IWM,0.770202359261187,0.0770619512195122
XMVM,0.911607077783561,0.0771807692307693
SPHQ,0.6994695589724241,0.0772953086419753
FV,0.768783505638471,0.0773937037037036
IQDY,0.8429565551940732,0.0775387804878049
VIOO,0.770202359261187,0.0776182716049383
CLS,0.8055555994201696,0.0776234567901235
CSX ,0.851496539975951,0.0777758536585366
NXPI ,0.930537108943622,0.0783073170731707
PSI,0.9933105929508348,0.0784108860759493
HFXI,0.9617513945588222,0.0784785185185185
FDRR,0.9045958473271928,0.0784974358974358
PXE,0.9741291801373554,0.0784999999999999
IDXX ,0.8607331297913027,0.0785587804878049
ITA,0.9100466010987176,0.0786151219512195
XLB,0.7785596627498892,0.0787375609756098
JMOM,0.7378377884549777,0.0788320253164556
MBSD,0.6300188217914586,0.0789369767441861
DGT,0.8613571502542567,0.0790166666666667
LMBS,0.7931947075859295,0.0791280487804878
PYPL ,0.6619625442765217,0.0793807317073169
EWM,0.8316953965140801,0.0794909756097561
CPRT ,0.7079965626042011,0.0795892682926829
AMAT ,0.9170738188020656,0.0797451219512195
RFV,0.8924796266372947,0.0798228571428571
DXCM ,0.6194138152980744,0.0800419512195121
UTES,0.7424545210926902,0.0813449152542372
EPS,0.857595281477626,0.0813895061728395
IDX,0.97875796631877,0.0815047368421052
IXN,0.8374451751016052,0.0819033333333332
TMUS ,0.965618874089496,0.0820551219512195
PCEF,0.9081451662161286,0.0820607407407406
VTHR,0.8235341302371815,0.0821999999999999
VGT,0.7502796882775151,0.0825428395061728
VBR,0.6915100687156783,0.082570987654321
AMD ,0.7716446398456764,0.0826519512195121
TXN ,0.9782051324482454,0.0827441463414634
ETHO,0.9123353674806032,0.0828438095238095
SOXX,0.8755513321899009,0.0828998765432099
SDVY,0.7729471402673791,0.0829669135802468
VDC,0.7800861406938095,0.0831155555555555
IJR,0.7830379036209735,0.0831325925925926
ITB,0.855735015088556,0.083197160493827
THD,0.8590342892016722,0.0835267532467532
IGSB,0.7902119670395291,0.0835299999999999
RLY,0.9381570891040818,0.0835658536585366
FCOM,0.9043882598772628,0.0838288888888888
VRTX ,0.6959081702766723,0.0838709756097561
XLY,0.7307622083475513,0.0840133333333332
IGEB,0.7550215363926565,0.0841985185185184
ATMP,0.7275591771816311,0.0842066666666666
RSPU,0.8455415772184662,0.0845312987012986
ESPO,0.9772179102713832,0.0847824324324324
CSCO ,0.9799129979704808,0.0849958536585366
XCEM,0.8521504147830061,0.0850824691358025
XSD,0.7666750403082974,0.0852313924050633
PTH,0.7548837717191396,0.0852433333333333
QDEF,0.779605136518954,0.0853777551020408
PCAR ,0.8651939463828408,0.0854126829268292
SPGM,0.8794882330005522,0.0854432098765431
FVAL,0.971423981913522,0.0855693827160493
XLK,0.8372132199302134,0.0856233333333332
FYX,0.9168205456714474,0.0856237662337663
WBD ,0.7361473525300338,0.0856773170731707
HMOP,0.991482227890698,0.08581
USMC,0.9098584527930712,0.08585
GMF,0.904441892594671,0.0858836363636364
ON ,0.8964462929744732,0.0858912195121951
FTEC,0.8016498513987746,0.0859258024691357
BLOK,0.962108282326007,0.0860098765432098
FNX,0.7722548060333407,0.0860182051282051
RWK,0.7903241409951418,0.0861013924050633
IGBH,0.911607077783561,0.0863840845070422
TUR,0.9468825468635838,0.0867287654320988
XSVM,0.7970831671388819,0.0867417073170732
FTSD,0.406983475679998,0.0868296825396826
FDVV,0.7689803744670869,0.0868662962962962
HEEM,0.9927026118901762,0.0872917543859649
ZS ,0.7036543141364188,0.0873370731707317
IAI,0.7156906394431929,0.0875649367088607
VFVA,0.9395813223150457,0.0876024324324324
COST ,0.8569552614005839,0.0876812195121951
FDIS,0.7292114805173997,0.0876819753086419
IMCG,0.7977037826105011,0.0878087654320987
PEP ,0.772029644135688,0.0878368292682926
JQUA,0.6866459874256189,0.0879048148148147
EEMS,0.9467418232719096,0.0883092957746478
FTNT ,0.7835479772423702,0.0883112195121951
EWJV,0.8624870923751886,0.0883720987654321
REGN ,0.8902413454697762,0.0885624390243902
NTSX,0.8556613993365484,0.0886919753086419
AIRR,0.7691832909724251,0.088810987654321
XLF,0.8007614479168012,0.0889569135802468
IYK,0.6524822401149087,0.0889721951219512
FTLS,0.9961338612288652,0.0889867901234567
VCIT,0.911607077783561,0.0893053658536585
FCOR,0.8956263840693699,0.0893415384615384
FHLC,0.9164773184182752,0.08939012345679
EZA,0.6928580032428425,0.0895366666666667
DGRS,0.795763903934792,0.0895948051948052
IGIB,0.8853219325552774,0.089680243902439
GOVI,0.6819032317711661,0.0897870588235294
USAI,0.6531186992122516,0.0898018181818182
GAL,0.7611400577509714,0.0898088888888888
FLJH,0.8431866704392165,0.0899368421052632
KDP ,0.9885110116771748,0.0900073170731707
SCHP,0.7813955748237995,0.0901868292682926
DBEU,0.9270888051345456,0.0903699999999999
IYW,0.8024569367725853,0.0904006172839505
FAD,0.5873243443899259,0.0909637931034482
CWS,0.9911197851196416,0.091036923076923
EDIV,0.9783693296045688,0.0912378048780487
HYGH,0.8742342815503615,0.0913742857142856
IWP,0.713372339980116,0.0915479012345678
MRVL ,0.7649819482350613,0.0921158536585366
URTH,0.770202359261187,0.0921518518518518
IVOV,0.7813370240266081,0.0924527272727273
XLV,0.965618874089496,0.0929232098765432
IXC,0.911607077783561,0.0929687654320987
CDW ,0.7291414213344015,0.0934665853658536
IHI,0.8116783704562776,0.093617160493827
IAU,0.9092460749205435,0.093720487804878
JMUB,0.8217235787656197,0.0938480487804878
VLU,0.8811634806538001,0.0941045762711863
SYLD,0.806058791110494,0.0942906172839507
YYY,0.9893841041529922,0.0944362962962962
MOAT,0.7671923850155427,0.0944882716049383
ECH,0.9112737309289096,0.0951146341463414
NFLT,0.9862495444849272,0.0953496969696969
VCSH,0.8153100098282451,0.0954492682926829
RTH,0.5542100398432293,0.0955496774193548
EMMF,0.7486813602087384,0.0956466666666667
TRI ,0.9436654766460904,0.0956614634146342
VTI,0.8471623820450226,0.0962101265822784
SLQD,0.7072782750389103,0.0962841463414634
SKOR,0.8040069185780606,0.0966373417721518
MDLZ ,0.857595281477626,0.0969721951219512
IYF,0.7651014593257093,0.0970741975308641
INCO,0.9864621065962362,0.097611282051282
VCLT,0.7488784325074852,0.0977656097560975
VIGI,0.8878008885471548,0.0978098765432097
EUSA,0.8879164664174992,0.09802
FSTA,0.8588407851602694,0.0983456097560975
COPX,0.753404412642792,0.0985214814814815
IGHG,0.985099836628353,0.0985402702702702
CORP,0.9400872269445724,0.0988382926829267
EMHY,0.7365220055598973,0.09889
AMGN ,0.7254884705683602,0.099180487804878
RWJ,0.627868644773728,0.0992008641975309
SPYX,0.7479118095832157,0.0992091358024691
VCR,0.8253727006232203,0.0994787654320987
ORLY ,0.8242385400201923,0.0996170731707316
DXJ,0.6377345004718223,0.0997582926829268
SPLB,0.7472683691320116,0.0997707317073169
IDHQ,0.9894575416583704,0.0999527848101266
XLC,0.7829988335214425,0.1003144444444443
SIZE,0.6445496144394292,0.1004663157894737
AMZN ,0.8234676379939853,0.1006007317073169
VUSE,0.8533596780570432,0.1006642857142856
IETC,0.8694016070634126,0.1007566666666666
BOCT,0.8133751269368031,0.1007833333333333
BKNG ,0.9583820982670525,0.1007953658536585
IAK,0.8094140596648636,0.1008199999999999
SPSB,0.7305269136330228,0.101060731707317
BIIB ,0.7804326068748071,0.1010812345679012
SCHB,0.7483866126168937,0.1011918518518518
FXZ,0.8582398105001106,0.10125
EQL,0.7195185897610227,0.1012905970149253
BAB,0.857595281477626,0.1019321951219511
SLX,0.7116848660280585,0.101949696969697
PANW ,0.7711754816734279,0.102120975609756
HYS,0.9895094608249112,0.102419135802469
ILF,0.8494960224855976,0.1024612195121951
IYY,0.872809247132197,0.1026928395061728
EYLD,0.9911197851196416,0.1028244444444443
DBJP,0.8348482417694942,0.1031296969696969
QDF,0.8618373527397214,0.1031372151898734
DWLD,0.8274804624139803,0.1031502985074627
SPLG,0.794545370069008,0.1034099999999999
VOO,0.7392721782211713,0.103422098765432
ISRG ,0.593556248439239,0.1035763414634146
ROST ,0.9243575332986336,0.103610243902439
FCEF,0.736502291934191,0.1038585714285714
HTAB,0.7933875370029073,0.1039748148148147
EQIN,0.9553982545697738,0.1043773913043478
QCOM ,0.6703716747610866,0.1045048780487804
CRWD ,0.8192564262384979,0.104530487804878
VV,0.7721391750399994,0.1047349382716049
DSI,0.7265546321369419,0.1047750617283951
DBAW,0.9424173787724992,0.10478
EUDG,0.8661381093233718,0.1048790476190476
MELI ,0.7582397188292116,0.1048912195121951
SCHX,0.7621798695307874,0.1048977777777777
LRGF,0.7713734216962805,0.1049223456790123
VONE,0.7174823320217862,0.1052899999999999
KCE,0.8952103797512134,0.1053233333333333
GFS ,0.857928627531153,0.1053960975609756
JCPB,0.9187608576346236,0.105510487804878
HEDJ,0.7574898366323285,0.1055914634146342
TSM,0.7928389094119646,0.1058280487804878
TAXF,0.994517234019688,0.1059076923076923
RAAX,0.9383539555650642,0.1059799999999999
IAGG,0.6527129287106613,0.1060636585365853
IPKW,0.9484335518821972,0.106112033898305
SPMO,0.6764544010322365,0.1067899999999999
ADSK ,0.8242141555671221,0.1068685365853658
BCD,0.9652553846467016,0.1071512345679012
PSCC,0.9030541223109216,0.1071978260869565
KORP,0.7953933554331276,0.1077972972972972
SUSA,0.7282443566575482,0.1078317283950616
IOO,0.8297216675817167,0.1086265432098765
FALN,0.809656935692098,0.1086692592592592
QQQ,0.7664952373156438,0.1090192592592592
IEI,0.900511115785359,0.109020975609756
ONEQ,0.7725426000385913,0.1090792592592592
VONG,0.7645597675463333,0.1098022222222222
PFFA,0.9842793189035044,0.1098262962962962
MSFT ,0.8764828835417001,0.1098939024390244
VGSH,0.5835025833889625,0.1106660975609755
NFLX ,0.8012921560041071,0.1107573170731707
SPY,0.701547427834355,0.1109108641975308
QGRO,0.8953135446041809,0.1109204938271605
MFUS,0.4793956221236272,0.1109666666666666
TTD ,0.7683795719923243,0.1113980487804878
SPTS,0.7445297961524314,0.111450975609756
IWL,0.7370495323376526,0.1118196296296296
IWF,0.7452911067328727,0.1120335802469135
IVV,0.7085184358460179,0.1124777777777777
IWB,0.7232966583755993,0.1132395061728394
FSMB,0.9749877236344504,0.1136608641975308
MTUM,0.8665911383175953,0.1137941975308641
TMFC,0.8049201624272543,0.1139276543209876
POCT,0.770202359261187,0.1140010256410256
ITOT,0.7039091239522791,0.1140151851851851
USSG,0.7487055151171749,0.1142433333333332
USVM,0.5970455484899185,0.1148096296296297
SPYG,0.7028054912373235,0.1148749382716048
SJNK,0.7917634525884628,0.1152208641975308
QMOM,0.9449882036940648,0.1155655555555555
QLD,0.7572824627625039,0.1156092592592592
NULG,0.7572528610309051,0.1164825925925925
CEMB,0.910975450431467,0.1168016455696202
IWY,0.7903737803667976,0.1170949382716048
PRFZ,0.8551185255603257,0.1172296296296296
SPHY,0.857595281477626,0.1172918518518518
BBUS,0.7688504092925887,0.1177692592592592
KHC ,0.857595281477626,0.1180331707317073
SCHR,0.9543469628727468,0.1183656097560975
ILCG,0.7680827644435165,0.1184196296296297
VOOG,0.7127502955315068,0.1185249382716049
ADME,0.8200032326825983,0.1186461538461538
PJUL,0.9862495444849272,0.1186599999999999
BAPR,0.7686772191949589,0.1189663636363635
FTGC,0.8741970473955677,0.1193317073170732
SPTM,0.7100346467756934,0.1195148148148147
FBND,0.929756653038797,0.1199953658536585
HYDB,0.8849392539782852,0.1208799999999999
MU ,0.8931076851967362,0.1208841463414635
XLG,0.7191329603677747,0.1210061728395061
PSP,0.9540404073430596,0.1210652631578946
BJAN,0.8833187222941659,0.1212953846153846
MGK,0.7429400958972806,0.1213449382716048
FPEI,0.991937121159986,0.1214635802469135
MBB,0.9197361929418189,0.1215656097560975
XME,0.8830096922037712,0.1218060975609756
ROAM,0.9757740973241292,0.1219033333333333
COM,0.9602448430503788,0.1225269135802469
VUG,0.7389613846611633,0.1227692592592592
OEF,0.7384539099993901,0.1231504938271604
AAPL ,0.7873380232544576,0.123530243902439
USCI,0.9662178253958504,0.1239840540540541
MGC,0.7586989601881459,0.124132098765432
SCHG,0.7376450655701395,0.1242404938271605
DYNF,0.7141600298815541,0.12464
SPTI,0.9803960225433412,0.124760487804878
FEMS,0.9965569667143636,0.1251287179487179
